id,x,y,demand,time_window_start,time_window_end,priority
0,116.341517,39.949067,0,0,86400,0
1,116.345476,39.948219,10,28800,36000,2
2,116.334121,39.949001,10,28800,36000,2
3,116.335934,39.951604,10,28800,36000,2
4,116.342703,39.958187,10,28800,36000,2
5,116.356912,39.958204,10,28800,36000,2