id,x,y,demand,time_window_start,time_window_end,priority
0,116.334362,40.108813,0,0,86400,0
1,116.250340,40.218262,10,28800,86400,2
2,116.627726,40.324234,10,28800,86400,2
3,116.897625,40.400903,10,28800,86400,2
4,117.107604,40.143797,10,28800,86400,2
5,116.653035,40.125673,10,28800,86400,2
6,116.741511,39.910246,10,28800,86400,2
7,116.675650,39.849510,10,28800,86400,2
8,116.313629,39.756787,10,28800,86400,2
9,116.170088,39.731370,10,28800,86400,2
10,116.113288,39.813489,10,28800,86400,2
11,116.206061,39.924959,10,28800,86400,2
12,116.101530,39.941738,10,28800,86400,2
13,116.341491,39.949219,10,28800,86400,2
14,116.357927,39.903325,10,28800,86400,2
15,116.425986,39.939147,10,28800,86400,2
16,116.425477,39.904712,10,28800,86400,2